Andr√©as;ADELSON;AADELSON;sakabay2020;andreasadelson@gmail.com
Salman;KARI;SKARI;sakabay2020;karii.salman@gmail.com
Alex;BOUCHARD;ABOUCHARD;sakabay2020;abouchard@beer.com
Jean;DUJARDIN;JDUJARDIN;sakabay2020;jdujardin@test.com
Ursa;Charles;35382;sakabay2020;tristique.aliquet.Phasellus@eueros.co.uk
Xena;Clay;41882;sakabay2020;Nam.interdum.enim@nislsemconsequat.edu
Bianca;Sykes;22429;sakabay2020;Duis@aliquam.co.uk
Justin;Rasmussen;97099;sakabay2020;fermentum.convallis.ligula@lectus.com
Sydney;Mccoy;52847;sakabay2020;lectus.ante@magnaPhasellusdolor.co.uk
Roary;Callahan;00918;sakabay2020;sagittis.placerat@atvelitCras.edu
Justina;Cummings;38027;sakabay2020;viverra.Maecenas.iaculis@estmollis.com
Tyler;Newman;36056;sakabay2020;sociis.natoque.penatibus@nuncnullavulputate.co.uk
Norman;Park;73641;sakabay2020;Fusce.mollis.Duis@facilisis.ca
Chase;Marshall;79543;sakabay2020;tempor.arcu@rhoncusProin.ca
Maris;Martin;18948;sakabay2020;nec.euismod@bibendumfermentum.ca
Kirby;Knapp;45264;sakabay2020;gravida@commodo.edu
Nathan;Steele;39193;sakabay2020;elit.elit@penatibuset.edu
Rahim;Hinton;62050;sakabay2020;in@sollicitudinamalesuada.org
Harper;Alvarez;41443;sakabay2020;Mauris.ut@tincidunt.edu
Grady;Cross;83391;sakabay2020;sed@purusaccumsaninterdum.edu
Denise;Mcguire;78633;sakabay2020;imperdiet.ullamcorper.Duis@et.net
Hanae;Hamilton;92121;sakabay2020;gravida.non.sollicitudin@auctorvelit.ca
Priscilla;Gibson;02591;sakabay2020;nec.orci@nequeNullam.co.uk
Latifah;Pope;32187;sakabay2020;Nunc.pulvinar.arcu@eu.ca
Colton;Mccarty;53600;sakabay2020;ipsum.cursus@sem.edu
Colleen;Joyner;97593;sakabay2020;ac.orci@arcuiaculis.co.uk
Elliott;Wilkins;84761;sakabay2020;sit.amet.consectetuer@Duissitamet.edu
Reece;Benton;59650;sakabay2020;fringilla@molestie.com
Katell;Casey;10478;sakabay2020;In@Mauriseuturpis.ca
Christian;Yates;28561;sakabay2020;ante@Vestibulumante.com
Ivor;Roman;87428;sakabay2020;vel.arcu@dapibus.ca
Karina;Lang;86905;sakabay2020;natoque@dui.org
Paloma;Andrews;06765;sakabay2020;amet.faucibus.ut@nec.ca
Ifeoma;Watkins;43602;sakabay2020;lorem.eu@nonvestibulumnec.co.uk
Imogene;Macdonald;04757;sakabay2020;quam.a.felis@placerataugue.net
Melvin;Schmidt;63428;sakabay2020;Nunc@pedeet.ca
Whitney;Yang;46740;sakabay2020;erat.neque.non@malesuadautsem.edu
Ryder;Ryan;72789;sakabay2020;nec.imperdiet.nec@ligulaNullamfeugiat.edu
Hunter;Potts;80505;sakabay2020;Donec@pellentesqueegetdictum.co.uk
Chandler;Olson;49210;sakabay2020;auctor.quis.tristique@cursusInteger.ca
Gwendolyn;Poole;31663;sakabay2020;mauris@Vivamusrhoncus.com
Teegan;Ruiz;52507;sakabay2020;ac.ipsum.Phasellus@mollisInteger.net
Harrison;Warner;29286;sakabay2020;primis.in.faucibus@Sed.org
Mira;Heath;12097;sakabay2020;rutrum@ultrices.com
Jamalia;Spence;07601;sakabay2020;dui.lectus@fermentumvelmauris.ca
Alika;Dillard;33275;sakabay2020;per.conubia.nostra@parturientmontes.net
Hanae;Lee;83053;sakabay2020;metus@urnaNullam.org
Odessa;Sosa;51925;sakabay2020;ac.risus.Morbi@hendreritneque.ca
Reagan;Jacobson;86811;sakabay2020;Sed.eu.eros@mauris.com
Jaime;Knight;69421;sakabay2020;sem.Nulla@Integeraliquam.org
Andrew;Martin;39008;sakabay2020;libero@non.com
Christine;Howard;52531;sakabay2020;ac.mi.eleifend@parturient.edu
Petra;Haley;00754;sakabay2020;Aliquam.auctor@pellentesqueSeddictum.ca
